<?xml version="1.0" encoding="UTF-8" ?>
<!DOCTYPE RSyntaxTheme SYSTEM "theme.dtd">

<!--
	See theme.dtd and org.fife.ui.rsyntaxtextarea.Theme for more information.
-->
<RSyntaxTheme version="1.0">

   <!-- Omitting baseFont will use a system-appropriate monospaced. -->
   <!--<baseFont family="..." size="13"/>-->
   
   <!--  General editor colors. -->
   <background color="001c00"/>
   <caret color="88ee88"/>
   <selection bg="143014" useFG="false"/>
   <currentLineHighlight color="102c10" fade="false"/>
   <tabLine color="663300"/>
   <marginLine fg="88ee88"/>
   <markAllHighlight color="102c10"/>
   <markOccurrencesHighlight color="102c10" border="false"/>
   <matchedBracket fg="66aa66" highlightBoth="false" animate="false"/>
   <hyperlinks fg="66aa66"/>
   <secondaryLanguages>
      <language index="1" bg="fff0cc"/>
      <language index="2" bg="dafeda"/>
      <language index="3" bg="ffe0f0"/>
   </secondaryLanguages>
   
   <!-- Gutter styling. -->
   <gutterBorder color="325232"/>
   <lineNumbers fg="66aa66"/>
   <foldIndicator fg="325232" iconBg="001c00"/>
   <iconRowHeader activeLineRange="3399ff"/>
   
   <!-- Syntax tokens. -->
   <tokenStyles>
      <style token="IDENTIFIER" fg="66aa66"/>
      <style token="RESERVED_WORD" fg="885522" bold="true"/>
      <style token="RESERVED_WORD_2" fg="885522" bold="true"/>
      <style token="ANNOTATION" fg="808080"/>
      <style token="COMMENT_DOCUMENTATION" fg="325232"/>
      <style token="COMMENT_EOL" fg="325232"/>
      <style token="COMMENT_MULTILINE" fg="325232"/>
      <style token="COMMENT_KEYWORD" fg="325232" bold="true"/>
      <style token="COMMENT_MARKUP" fg="325232"/>
      <style token="DATA_TYPE" fg="7f0055" bold="true"/>
      <style token="FUNCTION" fg="44aaee"/>
      <style token="LITERAL_BOOLEAN" fg="7f0055" bold="true"/>
      <style token="LITERAL_NUMBER_DECIMAL_INT" fg="eeaacc"/>
      <style token="LITERAL_NUMBER_FLOAT" fg="eeaacc"/>
      <style token="LITERAL_NUMBER_HEXADECIMAL" fg="eeaacc"/>
      <style token="LITERAL_STRING_DOUBLE_QUOTE" fg="009000"/>
      <style token="LITERAL_CHAR" fg="009000"/>
      <style token="LITERAL_BACKQUOTE" fg="009000"/>
      <style token="MARKUP_TAG_DELIMITER" fg="325232"/>
      <style token="MARKUP_TAG_NAME" fg="885522"/>
      <style token="MARKUP_TAG_ATTRIBUTE" fg="ccccaa"/>
      <style token="MARKUP_TAG_ATTRIBUTE_VALUE" fg="ccccaa" italic="true"/>
      <style token="MARKUP_COMMENT" fg="325232"/>
      <style token="MARKUP_DTD" fg="325232"/>
      <style token="MARKUP_PROCESSING_INSTRUCTION" fg="325232"/>
      <style token="MARKUP_CDATA" fg="325232"/>
      <style token="MARKUP_CDATA_DELIMITER" fg="325232"/>
      <style token="MARKUP_ENTITY_REFERENCE" fg="325232"/>
      <style token="OPERATOR" fg="66aa66"/>
      <style token="PREPROCESSOR" fg="66aa66"/>
      <style token="REGEX" fg="66aa66"/>
      <style token="SEPARATOR" fg="66aa66"/>
      <style token="VARIABLE" fg="eeaacc" bold="true"/>
      <style token="WHITESPACE" fg="66aa66"/>
      
      <style token="ERROR_IDENTIFIER" fg="F8F8F0" bg="AE81FF"/>
      <style token="ERROR_NUMBER_FORMAT" fg="F8F8F0" bg="AE81FF"/>
      <style token="ERROR_STRING_DOUBLE" fg="F8F8F0" bg="AE81FF"/>
      <style token="ERROR_CHAR" fg="F8F8F0" bg="AE81FF"/>
   </tokenStyles>

</RSyntaxTheme>
